{
    "fileName": "CANduitLib.json",
    "name": "CANduitLib",
    "version": "0.0.1",
    "frcYear": "2026",
    "uuid": "186a49d9-a7f3-455f-9456-6b626c3b2848",
    "mavenUrls": [
        "https://2702rebels.github.io/CANduitLib/maven/"
    ],
    "jsonUrl": "https://2702rebels.github.io/CANduitLib/CANduitLib.json",
    "javaDependencies": [
        {
            "groupId": "canduit",
            "artifactId": "CANduitLib-java",
            "version": "0.0.1"
        }
    ],
    "jniDependencies": [
        {
            "groupId": "canduit",
            "artifactId": "CANduitLib-driver",
            "version": "0.0.1",
            "skipInvalidPlatforms": true,
            "isJar": false,
            "validPlatforms": [
                "windowsx86-64",
                "linuxarm64",
                "linuxx86-64",
                "linuxathena",
                "linuxarm32",
                "osxuniversal"
            ]
        }
    ],
    "cppDependencies": [
        {
            "groupId": "canduit",
            "artifactId": "CANduitLib-cpp",
            "version": "0.0.1",
            "libName": "Vendor",
            "headerClassifier": "headers",
            "sharedLibrary": false,
            "skipInvalidPlatforms": true,
            "binaryPlatforms": [
                "windowsx86-64",
                "linuxarm64",
                "linuxx86-64",
                "linuxathena",
                "linuxarm32",
                "osxuniversal"
            ]
        },
        {
            "groupId": "canduit",
            "artifactId": "CANduitLib-driver",
            "version": "0.0.1",
            "libName": "VendorDriver",
            "headerClassifier": "headers",
            "sharedLibrary": false,
            "skipInvalidPlatforms": true,
            "binaryPlatforms": [
                "windowsx86-64",
                "linuxarm64",
                "linuxx86-64",
                "linuxathena",
                "linuxarm32",
                "osxuniversal"
            ]
        }
    ]
}
